"https://stockx.com/adidas-yeezy-boost-350-v2-cream-white",
"https://stockx.com/adidas-yeezy-wave-runner-700-solid-grey",
"https://stockx.com/adidas-zx-500-dragon-ball-z-son-goku",
"https://stockx.com/adidas-yeezy-boost-350-v2-white-core-black-red",
"https://stockx.com/adidas-yeezy-500-utility-black",
"https://stockx.com/adidas-yung-1-dragon-ball-z-frieza",
"https://stockx.com/adidas-yeezy-boost-350-v2-butter",
"https://stockx.com/adidas-ultra-boost-4-breast-cancer-awareness",
"https://stockx.com/adidas-yeezy-boost-350-v2-blue-tint",
"https://stockx.com/adidas-nmd-r1-core-black-lush-red",
"https://stockx.com/adidas-yeezy-500-blush",
"https://stockx.com/adidas-yeezy-boost-350-v2-beluga-2-0",
"https://stockx.com/adidas-ultra-boost-4-0-running-white",
"https://stockx.com/adidas-yeezy-500-desert-rat-moon-yellow",
"https://stockx.com/adidas-nmd-r1-duck-camo-core-black",
"https://stockx.com/adidas-nmd-r1-stlt-triple-black",
"https://stockx.com/adidas-yeezy-powerphase-calabasas-core-black",
"https://stockx.com/adidas-ultra-boost-4-white-multi-color",
"https://stockx.com/adidas-nmd-hu-pharrell-solar-pack-red",
"https://stockx.com/adidas-nmd-hu-pharrell-solar-pack-orange",
"https://stockx.com/adidas-ultra-boost-4-show-your-stripes-black",
"https://stockx.com/adidas-ultra-boost-4-black-multi-color",
"https://stockx.com/adidas-yeezy-boost-350-v2-semi-frozen-yellow",
"https://stockx.com/adidas-nmd-hu-pharrell-mother",
"https://stockx.com/adidas-ultra-boost-4pt0-core-black",
"https://stockx.com/adidas-ultra-boost-4-show-your-stripes-cloud-white",
"https://stockx.com/adidas-ultra-boost-4pt0-grey-two",
"https://stockx.com/adidas-ultra-boost-4-parley-legend-ink",
"https://stockx.com/adidas-nmd-ts1-gore-tex-triple-black",
"https://stockx.com/adidas-ultra-boost-clima-core-black-solar-red",
"https://stockx.com/adidas-ultra-boost-4pt0-triple-black",
"https://stockx.com/adidas-nmd-r1-stlt-stealth-pack-core-black",
"https://stockx.com/adidas-nmd-r1-duck-camo-sesame",
"https://stockx.com/adidas-solar-hu-glide-black",
"https://stockx.com/adidas-ultra-boost-a-kind-of-guise",
"https://stockx.com/adidas-solar-hu-glide-multi-color",
"https://stockx.com/adidas-yung-1-collegiate-navy",
"https://stockx.com/adidas-yung-1-cloud-white",
"https://stockx.com/adidas-nmd-r1-sesame-black",
"https://stockx.com/adidas-ultra-boost-4-tech-ink",
"https://stockx.com/adidas-nmd-xr1-og-black",
"https://stockx.com/adidas-yeezy-boost-350-v2-steeple-grey-beluga-solar-red",
"https://stockx.com/adidas-human-race-nmd-pharrell-holi-festival-pink-glow",
"https://stockx.com/adidas-yeezy-boost-350-v2-core-black-white",
"https://stockx.com/adidas-yeezy-boost-350-v2-core-black-red-2017",
"https://stockx.com/adidas-falcon-white-blue-w",
"https://stockx.com/adidas-eqt-support-93-17-triple-black",
"https://stockx.com/adidas-ultra-boost-white-reflective",
"https://stockx.com/adidas-ultra-boost-multi-color",
"https://stockx.com/adidas-ultra-boost-4-oreo"